Workbook

Sheet Bench Archive
A1: THE BENCH — ARCHIVE TRACKER (v4 · v17 spec)
A2: Trade ID | B2: Date | C2: Ticker | D2: Review Price ($) | E2: Review Time | F2: Opportunity Score | G2: Confidence % | H2: Technical | I2: Fundamental | J2: Execution | K2: Overall | L2: FOMO Clock | M2: Market Risk | N2: HODL Status | O2: Final Call / Trigger | P2: Engine | Q2: Outcome | R2: Outcome Price ($) | S2: % Move | T2: Lessons Learned
A3: B-001 | B3: 46203 | C3: MSFT | D3: 371.39 | E3: Jun 30 close | F3: 36 | H3: D | I3: A | J3: D | K3: D | L3: Post-FOMO Fade | M3: 3 | N3: Accumulate | O3: Accumulate — kids' UTMA | P3: claude | S3: =IF(R3="","",(R3-D3)/D3)
A4: B-002 | B4: 46203 | C4: XLM | D4: 0.18 | E4: Jun 30 close | F4: 32 | H4: D | I4: B- | J4: D | K4: D | L4: Post-FOMO Fade | M4: 2 | N4: Trade-only — not a hold | O4: No Trade — no value capture | P4: claude | S4: =IF(R4="","",(R4-D4)/D4)
A5: B-003 | B5: 46203 | C5: OUST | D5: 62.5 | E5: Jun 30 close | F5: 43 | H5: B | I5: C | J5: D | K5: D | L5: Late FOMO | M5: 3 | N5: Trade-only — not a hold | O5: No Trade — Aug 6 earnings revisit | P5: claude | S5: =IF(R5="","",(R5-D5)/D5)
A6: B-004 | B6: 46203 | C6: MU | D6: 1150 | E6: Jun 30 close | F6: 73 | G6: 75 | H6: B+ | I6: A | J6: B- | K6: B | L6: Heating Up | M6: 3 | N6: Accumulate | O6: Entered — stop $1,020 | P6: claude | Q6: Loss | R6: 1020 | S6: =IF(R6="","",(R6-D6)/D6) -> -0.11304348 | T6: A level needing 3 tests in a week was weakening, not strengthening. Stop capped the loss at the pre-defined number while the stock fell further.
A7: B-005 | B7: 46205 | C7: XOM | D7: 137.14 | E7: Jul 2 close | F7: 56 | H7: C- | I7: A- | J7: D | K7: C | L7: Post-FOMO Fade | M7: 2 | N7: Hold-quality — wait for value | O7: Hedge — active, delta overdue | P7: claude | S7: =IF(R7="","",(R7-D7)/D7)
A8: B-006 | B8: 46205 | C8: CVX | D8: 167.8 | E8: Jul 2 close | F8: 53 | H8: D | I8: A- | J8: D | K8: C | L8: Post-FOMO Fade | M8: 2 | N8: Hold-quality — wait for value | O8: Hedge — active, delta overdue | P8: claude | S8: =IF(R8="","",(R8-D8)/D8)
A9: B-007 | B9: 46205 | C9: COP | D9: 103.54 | E9: Jul 2 close | F9: 47 | H9: D | I9: B+ | J9: D | K9: C- | L9: Post-FOMO Fade | M9: 2 | N9: Trade-only — not a hold | O9: Hedge — active, delta overdue | P9: claude | S9: =IF(R9="","",(R9-D9)/D9)
A10: B-008 | B10: 46205 | C10: OXY | D10: 48.15 | E10: Jul 2 close | F10: 42 | H10: D | I10: B- | J10: D | K10: D | L10: Post-FOMO Fade | M10: 2 | N10: Trade-only — not a hold | O10: Hedge — active, delta overdue | P10: claude | S10: =IF(R10="","",(R10-D10)/D10)
A11: B-009 | B11: 46205 | C11: LMT | D11: 522 | E11: Jul 2 close | F11: 63 | H11: C | I11: A- | J11: C | K11: C+ | L11: Post-FOMO Fade | M11: 3 | N11: Hold-quality — wait for value | O11: Watchlist — trigger: reclaim $540 | P11: claude | S11: =IF(R11="","",(R11-D11)/D11)
A12: B-010 | B12: 46205 | C12: MU | D12: 978.56 | E12: Jul 2 close | F12: 36 | H12: D | I12: A- | J12: F | K12: D | L12: Post-FOMO Fade | M12: 3 | N12: Accumulate | O12: No Trade — trigger: reclaim $950 on volume | P12: claude | S12: =IF(R12="","",(R12-D12)/D12)
A13: B-011 | B13: 46205 | C13: BTC | D13: 61360 | E13: Jul 2 live | F13: 45 | H13: C- | I13: B | J13: D | K13: C- | L13: Post-FOMO Fade | M13: 2 | N13: Accumulate | O13: Watchlist — >$63.8-64.5K / <$56.2K | P13: claude | S13: =IF(R13="","",(R13-D13)/D13)
A14: B-012 | B14: 46205 | C14: ETH | D14: 1698.23 | E14: Jul 2 live | F14: 44 | H14: D | I14: B | J14: D | K14: C- | L14: Post-FOMO Fade | M14: 2 | N14: Hold-quality — wait for value | O14: Watchlist | P14: claude | S14: =IF(R14="","",(R14-D14)/D14)
A15: B-013 | B15: 46205 | C15: BNB | D15: 561.97 | E15: Jul 2 live | F15: 46 | H15: C | I15: B- | J15: D | K15: C | L15: Post-FOMO Fade | M15: 2 | N15: Trade-only — not a hold | O15: Watchlist — passive | P15: claude | S15: =IF(R15="","",(R15-D15)/D15)
A16: B-014 | B16: 46205 | C16: XRP | D16: 1.09 | E16: Jul 2 live | F16: 40 | H16: D | I16: C+ | J16: D | K16: C- | L16: Post-FOMO Fade | M16: 2 | N16: Trade-only — not a hold | O16: No Trade — $1.00 must hold | P16: claude | S16: =IF(R16="","",(R16-D16)/D16)
A17: B-015 | B17: 46205 | C17: SOL | D17: 80.66 | E17: Jul 2 live | F17: 50 | H17: C | I17: B- | J17: D | K17: C | L17: Post-FOMO Fade | M17: 2 | N17: Hold-quality — wait for value | O17: Watchlist — beta on BTC confirm | P17: claude | S17: =IF(R17="","",(R17-D17)/D17)
A18: B-016 | B18: 46205 | C18: TRX | D18: 0.3179 | E18: Jul 2 live | F18: 42 | H18: C | I18: B- | J18: D | K18: C | L18: Post-FOMO Fade | M18: 2 | N18: Trade-only — not a hold | O18: No Trade — no swing edge | P18: claude | S18: =IF(R18="","",(R18-D18)/D18)
... A23: B-021 | B23: 46219 | C23: NBIS | D23: 195.75 | E23: Jul 15 close | F23: 54 | H23: C- | I23: B- | J23: D | K23: C- | L23: Post-peak washout | M23: 3 | N23: Hold-quality — wait for value | O23: No Trade — reclaim + hold $200-203 | P23: claude | S23: =IF(R23="","",(R23-D23)/D23)
A24: B-022 | B24: 46223 | C24: GOOGL | D24: 354.46 | E24: Jul 16 close | F24: 74 | G24: 70 | H24: B+ | I24: A | J24: C | K24: B- | L24: Heating Up | M24: 3 | N24: Accumulate | O24: Setup Forming — earnings gate Jul 22 | P24: claude | S24: =IF(R24="","",(R24-D24)/D24)
S25: =IF(R25="","",(R25-D25)/D25)
S26: =IF(R26="","",(R26-D26)/D26)
S27: =IF(R27="","",(R27-D27)/D27)
S28: =IF(R28="","",(R28-D28)/D28)
S29: =IF(R29="","",(R29-D29)/D29)
S30: =IF(R30="","",(R30-D30)/D30)
S31: =IF(R31="","",(R31-D31)/D31)
S32: =IF(R32="","",(R32-D32)/D32)
S33: =IF(R33="","",(R33-D33)/D33)
S34: =IF(R34="","",(R34-D34)/D34)
S35: =IF(R35="","",(R35-D35)/D35)
S36: =IF(R36="","",(R36-D36)/D36)
... S122: =IF(R122="","",(R122-D122)/D122)

Sheet Dashboard
A1: THE BENCH — PERFORMANCE DASHBOARD
A3: OVERVIEW
A4: Total Calls Logged | C4: =COUNTA('Bench Archive'!$A$3:$A$122) -> 22
A5: Actionable (Overall A/B tier) | C5: =SUMPRODUCT(--ISNUMBER(MATCH('Bench Archive'!$K$3:$K$122,{"A+","A","A-","B+","B","B-"},0))) -> 2
A6: Pass / No-Trade (C and below) | C6: =SUMPRODUCT(--ISNUMBER(MATCH('Bench Archive'!$K$3:$K$122,{"C+","C","C-","D","F"},0))) -> 20
A7: Average Opportunity Score | C7: =IFERROR(AVERAGE('Bench Archive'!$F$3:$F$122),"—") -> 48.636364
A9: OUTCOMES
A10: Wins | C10: =COUNTIF('Bench Archive'!$Q$3:$Q$122,"Win") -> 0
A11: Losses | C11: =COUNTIF('Bench Archive'!$Q$3:$Q$122,"Loss") -> 1
A12: Open / Unresolved | C12: =COUNTA('Bench Archive'!$A$3:$A$122)-COUNTIF('Bench Archive'!$Q$3:$Q$122,"Win")-COUNTIF('Bench Archive'!$Q$3:$Q$122,"Loss")-COUNTIF('Bench Archive'!$Q$3:$Q$122,"Scratch") -> 21
A13: Win Rate | C13: =IFERROR(COUNTIF('Bench Archive'!$Q$3:$Q$122,"Win")/(COUNTIF('Bench Archive'!$Q$3:$Q$122,"Win")+COUNTIF('Bench Archive'!$Q$3:$Q$122,"Loss")),"—") -> 0
A14: Avg % Move — Winners | C14: =IFERROR(AVERAGEIFS('Bench Archive'!$S$3:$S$122,'Bench Archive'!$Q$3:$Q$122,"Win"),"—") -> —
A15: Avg % Move — Losers | C15: =IFERROR(AVERAGEIFS('Bench Archive'!$S$3:$S$122,'Bench Archive'!$Q$3:$Q$122,"Loss"),"—") -> -0.11304348
A17: CONFIDENCE CALIBRATION (aggregate only — meaningful ~30 closes)
A18: 85%+ confidence win rate | C18: =IFERROR(COUNTIFS('Bench Archive'!$G$3:$G$122,">=85",'Bench Archive'!$Q$3:$Q$122,"Win")/(COUNTIFS('Bench Archive'!$G$3:$G$122,">=85",'Bench Archive'!$Q$3:$Q$122,"Win")+COUNTIFS('Bench Archive'!$G$3:$G$122,">=85",'Bench Archive'!$Q$3:$Q$122,"Loss")),"—") -> —
A19: 70-84% confidence win rate | C19: =IFERROR(COUNTIFS('Bench Archive'!$G$3:$G$122,">=70",'Bench Archive'!$G$3:$G$122,"<85",'Bench Archive'!$Q$3:$Q$122,"Win")/(COUNTIFS('Bench Archive'!$G$3:$G$122,">=70",'Bench Archive'!$G$3:$G$122,"<85",'Bench Archive'!$Q$3:$Q$122,"Win")+COUNTIFS('Bench Archive'!$G$3:$G$122,">=70",'Bench Archive'!$G$3:$G$122,"<85",'Bench Archive'!$Q$3:$Q$122,"Loss")),"—") -> 0
A20: <70% confidence win rate | C20: =IFERROR(COUNTIFS('Bench Archive'!$G$3:$G$122,"<70",'Bench Archive'!$G$3:$G$122,">0",'Bench Archive'!$Q$3:$Q$122,"Win")/(COUNTIFS('Bench Archive'!$G$3:$G$122,"<70",'Bench Archive'!$G$3:$G$122,">0",'Bench Archive'!$Q$3:$Q$122,"Win")+COUNTIFS('Bench Archive'!$G$3:$G$122,"<70",'Bench Archive'!$G$3:$G$122,">0",'Bench Archive'!$Q$3:$Q$122,"Loss")),"—") -> —
A22: BY ENGINE (keeps calibration honest)
A23: claude | C23: =COUNTIF('Bench Archive'!$P$3:$P$122,"claude") -> 22
A24: gpt-runner | C24: =COUNTIF('Bench Archive'!$P$3:$P$122,"gpt-runner") -> 0
A25: manual | C25: =COUNTIF('Bench Archive'!$P$3:$P$122,"manual") -> 0
A27: BY HODL STATUS
A28: Accumulate | C28: =COUNTIF('Bench Archive'!$N$3:$N$122,"Accumulate") -> 5
A29: Hold-quality | C29: =COUNTIF('Bench Archive'!$N$3:$N$122,"Hold-quality*") -> 8
A30: Trade-only | C30: =COUNTIF('Bench Archive'!$N$3:$N$122,"Trade-only*") -> 9
